trip_id,driver_id,day_of_week,month,quarter,hour,weekend_flag,weekly_pattern,total_distance_km,historical_travel_time,stop_count,optimized_duration_min,optimized_distance_km,average_speed,daily_visits,past_route_efficiency,area_cluster,avg_latitude,avg_longitude,distance_per_stop,duration_per_stop
1,D1,Wednesday,4,2,9,0,14,258.71,348.95,6,281.05,157.19,44.48,6,0.81,1,17.439828,78.333766,43.12,58.16
2,D2,Wednesday,4,2,9,0,14,36.97,87.45,3,77.51,46.09,25.37,3,0.89,3,17.489459,78.313433,12.32,29.15
3,D3,Wednesday,4,2,9,0,14,204.33,227.37,5,206.78,178.97,53.92,5,0.91,0,17.420567,78.432412,40.87,45.47
4,D4,Wednesday,4,2,8,0,14,299.28,409.3,7,211.56,131.75,43.87,7,0.52,0,17.390011,78.339344,42.75,58.47
5,D5,Wednesday,4,2,10,0,14,77.56,133.47,4,129.54,76.02,34.87,4,0.97,1,17.381724,78.321599,19.39,33.37
6,D6,Wednesday,4,2,9,0,14,36.97,87.45,3,77.51,46.09,25.37,3,0.89,3,17.489459,78.313433,12.32,29.15
7,D7,Wednesday,4,2,8,0,14,36.97,87.45,3,77.51,46.09,25.37,3,0.89,3,17.489459,78.313433,12.32,29.15
8,D8,Wednesday,4,2,8,0,14,299.28,409.3,7,211.56,131.75,43.87,7,0.52,0,17.390011,78.339344,42.75,58.47
9,D9,Wednesday,4,2,9,0,14,36.97,87.45,3,77.51,46.09,25.37,3,0.89,3,17.489459,78.313433,12.32,29.15
10,D10,Wednesday,4,2,9,0,14,36.97,87.45,3,77.51,46.09,25.37,3,0.89,3,17.489459,78.313433,12.32,29.15
11,D11,Wednesday,4,2,9,0,14,77.56,133.47,4,129.54,76.02,34.87,4,0.97,1,17.381724,78.321599,19.39,33.37
12,D12,Wednesday,4,2,8,0,14,77.56,133.47,4,129.54,76.02,34.87,4,0.97,1,17.381724,78.321599,19.39,33.37
13,D1,Thursday,4,2,10,0,14,138.72,161.17000000000002,4,145.43,125.15,51.64,4,0.9,0,17.416879,78.461751,34.68,40.29
14,D2,Thursday,4,2,8,0,14,138.72,161.17000000000002,4,145.43,125.15,51.64,4,0.9,0,17.416879,78.461751,34.68,40.29
15,D3,Thursday,4,2,10,0,14,229.72,296.45,5,241.7,182.74,46.49,5,0.82,1,17.453012,78.315147,45.94,59.29
16,D4,Thursday,4,2,10,0,14,138.72,161.17000000000002,4,145.43,125.15,51.64,4,0.9,0,17.416879,78.461751,34.68,40.29
17,D5,Thursday,4,2,10,0,14,275.97,357.13,6,171.93,110.32,46.36,6,0.48,1,17.355271,78.318475,46.0,59.52
18,D6,Thursday,4,2,8,0,14,44.26,74.74000000000001,3,68.49,38.14,35.53,3,0.92,3,17.38881,78.351101,14.75,24.91
19,D7,Thursday,4,2,9,0,14,138.72,161.17000000000002,4,145.43,125.15,51.64,4,0.9,0,17.416879,78.461751,34.68,40.29
20,D8,Thursday,4,2,10,0,14,229.72,296.45,5,241.7,182.74,46.49,5,0.82,1,17.453012,78.315147,45.94,59.29
21,D9,Thursday,4,2,8,0,14,254.91,358.88,7,252.06,152.1,42.62,7,0.7,1,17.411497,78.43349,36.42,51.27
22,D10,Thursday,4,2,8,0,14,254.91,358.88,7,252.06,152.1,42.62,7,0.7,1,17.411497,78.43349,36.42,51.27
23,D11,Thursday,4,2,9,0,14,138.72,161.17000000000002,4,145.43,125.15,51.64,4,0.9,0,17.416879,78.461751,34.68,40.29
24,D12,Thursday,4,2,10,0,14,275.97,357.13,6,171.93,110.32,46.36,6,0.48,1,17.355271,78.318475,46.0,59.52
25,D1,Friday,4,2,8,0,14,120.45,132.25,3,132.25,120.44,54.65,3,1.0,0,17.365316,78.423123,40.15,44.08
26,D2,Friday,4,2,9,0,14,120.45,132.25,3,132.25,120.44,54.65,3,1.0,0,17.365316,78.423123,40.15,44.08
27,D3,Friday,4,2,8,0,14,178.94,331.27,7,276.55,166.02,32.41,7,0.83,0,17.464101,78.452723,25.56,47.32
28,D4,Friday,4,2,9,0,14,232.91,283.34999999999997,5,130.78,94.62,49.32,5,0.46,1,17.33841,78.29331,46.58,56.67
29,D5,Friday,4,2,8,0,14,214.08,283.98,6,211.76,135.63,45.23,6,0.75,1,17.420002,78.46689,35.68,47.33
30,D6,Friday,4,2,8,0,14,120.45,132.25,3,132.25,120.44,54.65,3,1.0,0,17.365316,78.423123,40.15,44.08
31,D7,Friday,4,2,9,0,14,170.4,213.07999999999998,4,206.45,163.91,47.98,4,0.97,3,17.50098,78.323936,42.6,53.27
32,D8,Friday,4,2,10,0,14,120.45,132.25,3,132.25,120.44,54.65,3,1.0,0,17.365316,78.423123,40.15,44.08
33,D9,Friday,4,2,8,0,14,214.08,283.98,6,211.76,135.63,45.23,6,0.75,1,17.420002,78.46689,35.68,47.33
34,D10,Friday,4,2,10,0,14,170.4,213.07999999999998,4,206.45,163.91,47.98,4,0.97,3,17.50098,78.323936,42.6,53.27
35,D11,Friday,4,2,9,0,14,214.08,283.98,6,211.76,135.63,45.23,6,0.75,1,17.420002,78.46689,35.68,47.33
36,D12,Friday,4,2,8,0,14,178.94,331.27,7,276.55,166.02,32.41,7,0.83,0,17.464101,78.452723,25.56,47.32
37,D1,Saturday,4,2,10,1,14,161.04,197.89999999999998,4,130.78,94.61,48.82,4,0.66,1,17.363738,78.304548,40.26,49.47
38,D2,Saturday,4,2,9,1,14,153.85,209.48000000000002,5,199.71,159.09,44.07,5,0.95,1,17.402515,78.48625,30.77,41.9
39,D3,Saturday,4,2,10,1,14,244.17,352.61,7,216.0,127.94,41.55,7,0.61,1,17.344479,78.319479,34.88,50.37
40,D4,Saturday,4,2,8,1,14,161.04,197.89999999999998,4,130.78,94.61,48.82,4,0.66,1,17.363738,78.304548,40.26,49.47
41,D5,Saturday,4,2,8,1,14,161.04,197.89999999999998,4,130.78,94.61,48.82,4,0.66,1,17.363738,78.304548,40.26,49.47
42,D6,Saturday,4,2,9,1,14,244.17,352.61,7,216.0,127.94,41.55,7,0.61,1,17.344479,78.319479,34.88,50.37
43,D7,Saturday,4,2,8,1,14,123.47,151.7,3,151.7,123.47,48.83,3,1.0,1,17.468331,78.342193,41.16,50.57
44,D8,Saturday,4,2,10,1,14,153.85,209.48000000000002,5,199.71,159.09,44.07,5,0.95,1,17.402515,78.48625,30.77,41.9
45,D9,Saturday,4,2,10,1,14,123.47,151.7,3,151.7,123.47,48.83,3,1.0,1,17.468331,78.342193,41.16,50.57
46,D10,Saturday,4,2,8,1,14,153.85,209.48000000000002,5,199.71,159.09,44.07,5,0.95,1,17.402515,78.48625,30.77,41.9
47,D11,Saturday,4,2,10,1,14,161.04,197.89999999999998,4,130.78,94.61,48.82,4,0.66,1,17.363738,78.304548,40.26,49.47
48,D12,Saturday,4,2,9,1,14,244.17,352.61,7,216.0,127.94,41.55,7,0.61,1,17.344479,78.319479,34.88,50.37
49,D1,Sunday,4,2,9,1,14,136.21,171.71,4,171.71,136.22,47.6,4,1.0,1,17.399521,78.436173,34.05,42.93
50,D2,Sunday,4,2,10,1,14,91.71,122.85,3,86.15,60.49,44.79,3,0.7,1,17.302786,78.276043,30.57,40.95
51,D3,Sunday,4,2,9,1,14,183.65,280.11,6,190.89,108.98,39.34,6,0.68,1,17.352595,78.319319,30.61,46.68
52,D4,Sunday,4,2,10,1,14,30.14,52.92,7,10113.0,10070.93,34.17,7,191.1,2,17.382155,78.544451,4.31,7.56
53,D5,Sunday,4,2,9,1,14,118.11,231.82000000000002,5,177.1,105.19,30.57,5,0.76,0,17.503379,78.388343,23.62,46.36
54,D6,Sunday,4,2,8,1,14,91.71,122.85,3,86.15,60.49,44.79,3,0.7,1,17.302786,78.276043,30.57,40.95
55,D7,Sunday,4,2,9,1,14,183.65,280.11,6,190.89,108.98,39.34,6,0.68,1,17.352595,78.319319,30.61,46.68
56,D8,Sunday,4,2,10,1,14,183.65,280.11,6,190.89,108.98,39.34,6,0.68,1,17.352595,78.319319,30.61,46.68
57,D9,Sunday,4,2,9,1,14,91.71,122.85,3,86.15,60.49,44.79,3,0.7,1,17.302786,78.276043,30.57,40.95
58,D10,Sunday,4,2,9,1,14,30.14,52.92,7,10113.0,10070.93,34.17,7,191.1,2,17.382155,78.544451,4.31,7.56
59,D11,Sunday,4,2,10,1,14,183.65,280.11,6,190.89,108.98,39.34,6,0.68,1,17.352595,78.319319,30.61,46.68
60,D12,Sunday,4,2,8,1,14,30.14,52.92,7,10113.0,10070.93,34.17,7,191.1,2,17.382155,78.544451,4.31,7.56
61,D1,Monday,4,2,9,0,15,405.82,458.76,7,246.97,170.61,53.08,7,0.54,1,17.412018,78.426832,57.97,65.54
62,D2,Monday,4,2,9,0,15,30.14,52.92,6,10093.29,10065.02,34.17,6,190.73,1,17.39816,78.538235,5.02,8.82
63,D3,Monday,4,2,8,0,15,405.82,458.76,7,246.97,170.61,53.08,7,0.54,1,17.412018,78.426832,57.97,65.54
64,D4,Monday,4,2,10,0,15,97.7,117.44,3,117.44,97.71,49.91,3,1.0,1,17.394164,78.390395,32.57,39.15
65,D5,Monday,4,2,8,0,15,97.7,117.44,3,117.44,97.71,49.91,3,1.0,1,17.394164,78.390395,32.57,39.15
66,D6,Monday,4,2,9,0,15,30.14,52.92,6,10093.29,10065.02,34.17,6,190.73,1,17.39816,78.538235,5.02,8.82
67,D7,Monday,4,2,9,0,15,81.48,158.92000000000002,4,126.85,85.84,30.76,4,0.8,0,17.511052,78.368307,20.37,39.73
68,D8,Monday,4,2,9,0,15,30.14,52.92,6,10093.29,10065.02,34.17,6,190.73,1,17.39816,78.538235,5.02,8.82
69,D9,Monday,4,2,9,0,15,120.44,214.79,5,137.42,72.5,33.64,5,0.64,1,17.313795,78.305171,24.09,42.96
70,D10,Monday,4,2,9,0,15,30.14,52.92,6,10093.29,10065.02,34.17,6,190.73,1,17.39816,78.538235,5.02,8.82
71,D11,Monday,4,2,10,0,15,81.48,158.92000000000002,4,126.85,85.84,30.76,4,0.8,0,17.511052,78.368307,20.37,39.73
72,D12,Monday,4,2,8,0,15,120.44,214.79,5,137.42,72.5,33.64,5,0.64,1,17.313795,78.305171,24.09,42.96
73,D1,Tuesday,4,2,8,0,15,162.77,252.76999999999998,7,10242.48,10171.73,38.64,7,40.52,0,17.427008,78.376888,23.25,36.11
74,D2,Tuesday,4,2,9,0,15,104.3,176.01999999999998,4,129.93,70.87,35.55,4,0.74,1,17.325904,78.284032,26.08,44.0
75,D3,Tuesday,4,2,8,0,15,104.3,176.01999999999998,4,129.93,70.87,35.55,4,0.74,1,17.325904,78.284032,26.08,44.0
76,D4,Tuesday,4,2,10,0,15,369.42,403.06,6,222.94,159.8,54.99,6,0.55,2,17.42061,78.459122,61.57,67.18
77,D5,Tuesday,4,2,9,0,15,369.42,403.06,6,222.94,159.8,54.99,6,0.55,2,17.42061,78.459122,61.57,67.18
78,D6,Tuesday,4,2,8,0,15,162.77,252.76999999999998,7,10242.48,10171.73,38.64,7,40.52,0,17.427008,78.376888,23.25,36.11
79,D7,Tuesday,4,2,10,0,15,369.42,403.06,6,222.94,159.8,54.99,6,0.55,2,17.42061,78.459122,61.57,67.18
80,D8,Tuesday,4,2,8,0,15,104.3,176.01999999999998,4,129.93,70.87,35.55,4,0.74,1,17.325904,78.284032,26.08,44.0
81,D9,Tuesday,4,2,8,0,15,30.14,52.92,5,10085.22,10061.68,34.17,5,190.57,1,17.364782,78.51883,6.03,10.58
82,D10,Tuesday,4,2,10,0,15,369.42,403.06,6,222.94,159.8,54.99,6,0.55,2,17.42061,78.459122,61.57,67.18
83,D11,Tuesday,4,2,9,0,15,369.42,403.06,6,222.94,159.8,54.99,6,0.55,2,17.42061,78.459122,61.57,67.18
84,D12,Tuesday,4,2,8,0,15,44.53,100.4,3,100.4,44.53,26.61,3,1.0,0,17.506813,78.423327,14.84,33.47
85,D1,Wednesday,4,2,8,0,15,289.61,323.61,5,186.76,126.77,53.7,5,0.58,2,17.399977,78.510297,57.92,64.72
86,D2,Wednesday,4,2,8,0,15,228.77,363.18,7,271.77,164.71,37.79,7,0.75,0,17.470071,78.394361,32.68,51.88
87,D3,Wednesday,4,2,10,0,15,76.01,125.35,3,112.38,65.76,36.38,3,0.9,1,17.348822,78.28877,25.34,41.78
88,D4,Wednesday,4,2,10,0,15,289.61,323.61,5,186.76,126.77,53.7,5,0.58,2,17.399977,78.510297,57.92,64.72
89,D5,Wednesday,4,2,8,0,15,162.77,252.76999999999998,6,243.48,172.73,38.64,6,0.96,0,17.401276,78.3295,27.13,42.13
90,D6,Wednesday,4,2,10,0,15,289.61,323.61,5,186.76,126.77,53.7,5,0.58,2,17.399977,78.510297,57.92,64.72
91,D7,Wednesday,4,2,10,0,15,162.77,252.76999999999998,6,243.48,172.73,38.64,6,0.96,0,17.401276,78.3295,27.13,42.13
92,D8,Wednesday,4,2,8,0,15,289.61,323.61,5,186.76,126.77,53.7,5,0.58,2,17.399977,78.510297,57.92,64.72
93,D9,Wednesday,4,2,10,0,15,228.77,363.18,7,271.77,164.71,37.79,7,0.75,0,17.470071,78.394361,32.68,51.88
94,D10,Wednesday,4,2,10,0,15,16.96,27.15,4,10059.45,10048.5,37.48,4,370.51,1,17.370451,78.514766,4.24,6.79
95,D11,Wednesday,4,2,9,0,15,162.77,252.76999999999998,6,243.48,172.73,38.64,6,0.96,0,17.401276,78.3295,27.13,42.13
96,D12,Wednesday,4,2,8,0,15,228.77,363.18,7,271.77,164.71,37.79,7,0.75,0,17.470071,78.394361,32.68,51.88
97,D1,Thursday,4,2,9,0,15,212.05,248.04000000000002,4,168.39,119.07,51.29,4,0.68,0,17.410409,78.473552,53.01,62.01
98,D2,Thursday,4,2,8,0,15,287.68,385.44000000000005,7,341.69,237.49,44.78,7,0.89,0,17.452103,78.410936,41.1,55.06
99,D3,Thursday,4,2,9,0,15,212.05,248.04000000000002,4,168.39,119.07,51.29,4,0.68,0,17.410409,78.473552,53.01,62.01
100,D4,Thursday,4,2,9,0,15,16.96,27.15,3,10026.15,10015.96,37.48,3,369.29,1,17.406889,78.492602,5.65,9.05
101,D5,Thursday,4,2,9,0,15,129.22,210.19,5,181.0,118.57,36.89,5,0.86,1,17.370695,78.319236,25.84,42.04
102,D6,Thursday,4,2,10,0,15,212.05,248.04000000000002,4,168.39,119.07,51.29,4,0.68,0,17.410409,78.473552,53.01,62.01
103,D7,Thursday,4,2,8,0,15,287.68,385.44000000000005,7,341.69,237.49,44.78,7,0.89,0,17.452103,78.410936,41.1,55.06
104,D8,Thursday,4,2,9,0,15,16.96,27.15,3,10026.15,10015.96,37.48,3,369.29,1,17.406889,78.492602,5.65,9.05
105,D9,Thursday,4,2,9,0,15,207.88,322.78000000000003,6,253.39,156.93,38.64,6,0.79,1,17.455228,78.393471,34.65,53.8
106,D10,Thursday,4,2,9,0,15,129.22,210.19,5,181.0,118.57,36.89,5,0.86,1,17.370695,78.319236,25.84,42.04
107,D11,Thursday,4,2,8,0,15,16.96,27.15,3,10026.15,10015.96,37.48,3,369.29,1,17.406889,78.492602,5.65,9.05
108,D12,Thursday,4,2,8,0,15,129.22,210.19,5,181.0,118.57,36.89,5,0.86,1,17.370695,78.319236,25.84,42.04
109,D1,Friday,4,2,10,0,15,250.99,323.02000000000004,6,296.73,219.54,46.62,6,0.92,0,17.448673,78.401344,41.83,53.84
110,D2,Friday,4,2,10,0,15,129.25,227.59,7,10181.98,10119.81,34.07,7,44.74,4,17.47381,78.517212,18.46,32.51
111,D3,Friday,4,2,9,0,15,129.25,227.59,7,10181.98,10119.81,34.07,7,44.74,4,17.47381,78.517212,18.46,32.51
112,D4,Friday,4,2,8,0,15,129.25,227.59,7,10181.98,10119.81,34.07,7,44.74,4,17.47381,78.517212,18.46,32.51
113,D5,Friday,4,2,8,0,15,250.99,323.02000000000004,6,296.73,219.54,46.62,6,0.92,0,17.448673,78.401344,41.83,53.84
114,D6,Friday,4,2,9,0,15,163.53,173.42000000000002,3,141.12,136.91,56.58,3,0.81,1,17.387459,78.508028,54.51,57.81
115,D7,Friday,4,2,8,0,15,129.25,227.59,7,10181.98,10119.81,34.07,7,44.74,4,17.47381,78.517212,18.46,32.51
116,D8,Friday,4,2,9,0,15,199.83,302.48,5,236.37,149.34,39.64,5,0.78,1,17.430517,78.423599,39.97,60.5
117,D9,Friday,4,2,9,0,15,110.77,178.24,4,142.81,87.32,37.29,4,0.8,1,17.349426,78.345919,27.69,44.56
118,D10,Friday,4,2,10,0,15,163.53,173.42000000000002,3,141.12,136.91,56.58,3,0.81,1,17.387459,78.508028,54.51,57.81
119,D11,Friday,4,2,8,0,15,199.83,302.48,5,236.37,149.34,39.64,5,0.78,1,17.430517,78.423599,39.97,60.5
120,D12,Friday,4,2,10,0,15,250.99,323.02000000000004,6,296.73,219.54,46.62,6,0.92,0,17.448673,78.401344,41.83,53.84
121,D1,Saturday,4,2,8,1,15,140.95,219.09,7,10218.62,10134.21,38.6,7,46.64,2,17.405936,78.546059,20.14,31.3
122,D2,Saturday,4,2,8,1,15,93.35,174.77,6,10177.15,10147.46,32.05,6,58.23,4,17.468206,78.541733,15.56,29.13
123,D3,Saturday,4,2,8,1,15,140.95,219.09,7,10218.62,10134.21,38.6,7,46.64,2,17.405936,78.546059,20.14,31.3
124,D4,Saturday,4,2,8,1,15,155.91,231.35,4,169.79,120.37,40.43,4,0.73,1,17.393462,78.458858,38.98,57.84
125,D5,Saturday,4,2,8,1,15,218.36,279.65000000000003,5,228.69,172.79,46.85,5,0.82,0,17.449678,78.424499,43.67,55.93
126,D6,Saturday,4,2,9,1,15,140.95,219.09,7,10218.62,10134.21,38.6,7,46.64,2,17.405936,78.546059,20.14,31.3
127,D7,Saturday,4,2,8,1,15,93.35,174.77,6,10177.15,10147.46,32.05,6,58.23,4,17.468206,78.541733,15.56,29.13
128,D8,Saturday,4,2,10,1,15,218.36,279.65000000000003,5,228.69,172.79,46.85,5,0.82,0,17.449678,78.424499,43.67,55.93
129,D9,Saturday,4,2,9,1,15,140.95,219.09,7,10218.62,10134.21,38.6,7,46.64,2,17.405936,78.546059,20.14,31.3
130,D10,Saturday,4,2,10,1,15,218.36,279.65000000000003,5,228.69,172.79,46.85,5,0.82,0,17.449678,78.424499,43.67,55.93
131,D11,Saturday,4,2,10,1,15,155.91,231.35,4,169.79,120.37,40.43,4,0.73,1,17.393462,78.458858,38.98,57.84
132,D12,Saturday,4,2,8,1,15,93.35,174.77,6,10177.15,10147.46,32.05,6,58.23,4,17.468206,78.541733,15.56,29.13
133,D1,Sunday,4,2,10,1,15,117.61,157.96,6,10192.18,10155.58,44.67,6,64.52,2,17.411052,78.560604,19.6,26.33
134,D2,Sunday,4,2,10,1,15,119.14,151.63,3,148.64,112.51,47.14,3,0.98,0,17.402013,78.470276,39.71,50.54
135,D3,Sunday,4,2,8,1,15,152.31,196.17000000000002,4,196.17,152.31,46.59,4,1.0,1,17.423552,78.435419,38.08,49.04
136,D4,Sunday,4,2,9,1,15,119.14,151.63,3,148.64,112.51,47.14,3,0.98,0,17.402013,78.470276,39.71,50.54
137,D5,Sunday,4,2,9,1,15,152.31,196.17000000000002,4,196.17,152.31,46.59,4,1.0,1,17.423552,78.435419,38.08,49.04
138,D6,Sunday,4,2,9,1,15,119.14,151.63,3,148.64,112.51,47.14,3,0.98,0,17.402013,78.470276,39.71,50.54
139,D7,Sunday,4,2,8,1,15,63.69,139.37,5,10163.97,10142.75,27.42,5,72.93,4,17.447534,78.534553,12.74,27.87
140,D8,Sunday,4,2,9,1,15,63.69,139.37,5,10163.97,10142.75,27.42,5,72.93,4,17.447534,78.534553,12.74,27.87
141,D9,Sunday,4,2,10,1,15,119.14,151.63,3,148.64,112.51,47.14,3,0.98,0,17.402013,78.470276,39.71,50.54
142,D10,Sunday,4,2,8,1,15,117.61,157.96,6,10192.18,10155.58,44.67,6,64.52,2,17.411052,78.560604,19.6,26.33
143,D11,Sunday,4,2,8,1,15,63.69,139.37,5,10163.97,10142.75,27.42,5,72.93,4,17.447534,78.534553,12.74,27.87
144,D12,Sunday,4,2,8,1,15,117.61,157.96,6,10192.18,10155.58,44.67,6,64.52,2,17.411052,78.560604,19.6,26.33
145,D1,Monday,4,2,9,0,16,245.83,293.98,6,204.15,149.14,50.17,6,0.69,1,17.437323,78.46776,40.97,49.0
146,D2,Monday,4,2,10,0,16,242.44,362.61,7,279.39,133.47,40.12,7,0.77,1,17.385556,78.355487,34.63,51.8
147,D3,Monday,4,2,9,0,16,245.83,293.98,6,204.15,149.14,50.17,6,0.69,1,17.437323,78.46776,40.97,49.0
148,D4,Monday,4,2,9,0,16,115.71,135.8,3,135.8,115.71,51.12,3,1.0,0,17.44458,78.502861,38.57,45.27
149,D5,Monday,4,2,9,0,16,245.83,293.98,6,204.15,149.14,50.17,6,0.69,1,17.437323,78.46776,40.97,49.0
150,D6,Monday,4,2,8,0,16,245.83,293.98,6,204.15,149.14,50.17,6,0.69,1,17.437323,78.46776,40.97,49.0
151,D7,Monday,4,2,9,0,16,76.38,106.21000000000001,5,10149.84,10139.09,43.15,5,95.56,4,17.436038,78.556375,15.28,21.24
152,D8,Monday,4,2,8,0,16,242.44,362.61,7,279.39,133.47,40.12,7,0.77,1,17.385556,78.355487,34.63,51.8
153,D9,Monday,4,2,9,0,16,115.71,135.8,3,135.8,115.71,51.12,3,1.0,0,17.44458,78.502861,38.57,45.27
154,D10,Monday,4,2,10,0,16,242.44,362.61,7,279.39,133.47,40.12,7,0.77,1,17.385556,78.355487,34.63,51.8
155,D11,Monday,4,2,10,0,16,115.71,135.8,3,135.8,115.71,51.12,3,1.0,0,17.44458,78.502861,38.57,45.27
156,D12,Monday,4,2,10,0,16,242.44,362.61,7,279.39,133.47,40.12,7,0.77,1,17.385556,78.355487,34.63,51.8
157,D1,Tuesday,4,2,9,0,16,187.82,233.13,5,164.72,122.86,48.34,5,0.71,1,17.441889,78.424,37.56,46.63
158,D2,Tuesday,4,2,8,0,16,34.39,40.18,4,10106.76,10099.37,51.35,4,251.54,4,17.478707,78.598037,8.6,10.04
159,D3,Tuesday,4,2,10,0,16,214.02,304.39000000000004,6,240.32,144.75,42.19,6,0.79,0,17.388514,78.343968,35.67,50.73
160,D4,Tuesday,4,2,8,0,16,214.02,304.39000000000004,6,240.32,144.75,42.19,6,0.79,0,17.388514,78.343968,35.67,50.73
161,D5,Tuesday,4,2,9,0,16,214.02,304.39000000000004,6,240.32,144.75,42.19,6,0.79,0,17.388514,78.343968,35.67,50.73
162,D6,Tuesday,4,2,10,0,16,214.02,304.39000000000004,6,240.32,144.75,42.19,6,0.79,0,17.388514,78.343968,35.67,50.73
163,D7,Tuesday,4,2,8,0,16,0.0,0.0,3,10042.35,10037.09,0.0,3,1.0,4,17.437739,78.629521,0.0,0.0
164,D8,Tuesday,4,2,8,0,16,187.82,233.13,5,164.72,122.86,48.34,5,0.71,1,17.441889,78.424,37.56,46.63
165,D9,Tuesday,4,2,9,0,16,214.02,304.39000000000004,6,240.32,144.75,42.19,6,0.79,0,17.388514,78.343968,35.67,50.73
166,D10,Tuesday,4,2,9,0,16,341.73,396.1,7,232.77,166.32,51.76,7,0.59,0,17.402424,78.468535,48.82,56.59
167,D11,Tuesday,4,2,8,0,16,34.39,40.18,4,10106.76,10099.37,51.35,4,251.54,4,17.478707,78.598037,8.6,10.04
168,D12,Tuesday,4,2,9,0,16,0.0,0.0,3,10042.35,10037.09,0.0,3,1.0,4,17.437739,78.629521,0.0,0.0
169,D1,Wednesday,4,2,10,0,16,34.39,40.18,3,10039.18,10033.39,51.35,3,249.86,4,17.455285,78.660193,11.46,13.39
170,D2,Wednesday,4,2,10,0,16,34.39,40.18,3,10039.18,10033.39,51.35,3,249.86,4,17.455285,78.660193,11.46,13.39
171,D3,Wednesday,4,2,8,0,16,34.39,40.18,3,10039.18,10033.39,51.35,3,249.86,4,17.455285,78.660193,11.46,13.39
172,D4,Wednesday,4,2,10,0,16,280.26,313.43,6,226.67,185.89,53.65,6,0.72,1,17.388632,78.480042,46.71,52.24
173,D5,Wednesday,4,2,8,0,16,280.26,313.43,6,226.67,185.89,53.65,6,0.72,1,17.388632,78.480042,46.71,52.24
174,D6,Wednesday,4,2,10,0,16,138.38,170.01,4,135.63,107.82,48.84,4,0.8,4,17.4804,78.439465,34.6,42.5
175,D7,Wednesday,4,2,8,0,16,138.38,170.01,4,135.63,107.82,48.84,4,0.8,4,17.4804,78.439465,34.6,42.5
176,D8,Wednesday,4,2,8,0,16,289.22,374.35,7,248.04,152.28,46.36,7,0.66,1,17.389169,78.397794,41.32,53.48
177,D9,Wednesday,4,2,8,0,16,34.39,40.18,3,10039.18,10033.39,51.35,3,249.86,4,17.455285,78.660193,11.46,13.39
178,D10,Wednesday,4,2,8,0,16,280.26,313.43,6,226.67,185.89,53.65,6,0.72,1,17.388632,78.480042,46.71,52.24
179,D11,Wednesday,4,2,8,0,16,193.69,262.96000000000004,5,198.89,124.42,44.19,5,0.76,0,17.394124,78.366142,38.74,52.59
180,D12,Wednesday,4,2,9,0,16,289.22,374.35,7,248.04,152.28,46.36,7,0.66,1,17.389169,78.397794,41.32,53.48
181,D1,Thursday,4,2,8,0,16,128.46,184.28,4,155.86,102.1,41.83,4,0.85,0,17.42737,78.38768,32.12,46.07
182,D2,Thursday,4,2,9,0,16,250.03,279.61,5,212.15,183.12,53.65,5,0.76,1,17.38346,78.438738,50.01,55.92
183,D3,Thursday,4,2,10,0,16,87.29,100.48,3,100.48,87.29,52.12,3,1.0,4,17.465942,78.518204,29.1,33.49
184,D4,Thursday,4,2,8,0,16,128.46,184.28,4,155.86,102.1,41.83,4,0.85,0,17.42737,78.38768,32.12,46.07
185,D5,Thursday,4,2,8,0,16,231.28,307.57,7,10214.1,10132.45,45.12,7,33.21,2,17.462191,78.460308,33.04,43.94
186,D6,Thursday,4,2,9,0,16,250.03,279.61,5,212.15,183.12,53.65,5,0.76,1,17.38346,78.438738,50.01,55.92
187,D7,Thursday,4,2,8,0,16,87.29,100.48,3,100.48,87.29,52.12,3,1.0,4,17.465942,78.518204,29.1,33.49
188,D8,Thursday,4,2,10,0,16,87.29,100.48,3,100.48,87.29,52.12,3,1.0,4,17.465942,78.518204,29.1,33.49
189,D9,Thursday,4,2,9,0,16,250.03,279.61,5,212.15,183.12,53.65,5,0.76,1,17.38346,78.438738,50.01,55.92
190,D10,Thursday,4,2,8,0,16,231.28,307.57,7,10214.1,10132.45,45.12,7,33.21,2,17.462191,78.460308,33.04,43.94
191,D11,Thursday,4,2,8,0,16,231.28,307.57,7,10214.1,10132.45,45.12,7,33.21,2,17.462191,78.460308,33.04,43.94
192,D12,Thursday,4,2,10,0,16,87.29,100.48,3,100.48,87.29,52.12,3,1.0,4,17.465942,78.518204,29.1,33.49
193,D1,Friday,4,2,9,0,16,209.22,243.44,5,204.27,157.17,51.57,5,0.84,0,17.429142,78.405183,41.84,48.69
194,D2,Friday,4,2,9,0,16,60.55,111.13,3,111.13,60.55,32.69,3,1.0,0,17.3851,78.389968,20.18,37.04
195,D3,Friday,4,2,9,0,16,231.28,307.57,6,215.1,133.45,45.12,6,0.7,2,17.445047,78.43115,38.55,51.26
196,D4,Friday,4,2,10,0,16,206.46,383.5300000000001,7,330.82,166.39,32.3,7,0.86,0,17.468968,78.365209,29.49,54.79
197,D5,Friday,4,2,10,0,16,209.22,243.44,5,204.27,157.17,51.57,5,0.84,0,17.429142,78.405183,41.84,48.69
198,D6,Friday,4,2,9,0,16,231.28,307.57,6,215.1,133.45,45.12,6,0.7,2,17.445047,78.43115,38.55,51.26
199,D7,Friday,4,2,9,0,16,187.88,222.73000000000002,4,177.25,143.0,50.61,4,0.8,1,17.332136,78.403178,46.97,55.68
200,D8,Friday,4,2,9,0,16,206.46,383.5300000000001,7,330.82,166.39,32.3,7,0.86,0,17.468968,78.365209,29.49,54.79
201,D9,Friday,4,2,9,0,16,60.55,111.13,3,111.13,60.55,32.69,3,1.0,0,17.3851,78.389968,20.18,37.04
202,D10,Friday,4,2,10,0,16,209.22,243.44,5,204.27,157.17,51.57,5,0.84,0,17.429142,78.405183,41.84,48.69
203,D11,Friday,4,2,9,0,16,231.28,307.57,6,215.1,133.45,45.12,6,0.7,2,17.445047,78.43115,38.55,51.26
204,D12,Friday,4,2,8,0,16,60.55,111.13,3,111.13,60.55,32.69,3,1.0,0,17.3851,78.389968,20.18,37.04
205,D1,Saturday,4,2,9,1,16,176.38,223.6,7,10226.47,10142.97,47.33,7,45.74,1,17.376619,78.44411,25.2,31.94
206,D2,Saturday,4,2,10,1,16,141.6,170.79,4,148.1,109.9,49.75,4,0.87,0,17.418758,78.344956,35.4,42.7
207,D3,Saturday,4,2,8,1,16,141.6,170.79,4,148.1,109.9,49.75,4,0.87,0,17.418758,78.344956,35.4,42.7
208,D4,Saturday,4,2,10,1,16,103.62,142.28,3,142.28,103.62,43.7,3,1.0,1,17.375222,78.35293,34.54,47.43
209,D5,Saturday,4,2,9,1,16,176.38,223.6,7,10226.47,10142.97,47.33,7,45.74,1,17.376619,78.44411,25.2,31.94
210,D6,Saturday,4,2,9,1,16,141.6,170.79,4,148.1,109.9,49.75,4,0.87,0,17.418758,78.344956,35.4,42.7
211,D7,Saturday,4,2,8,1,16,187.36,236.44,5,197.88,128.43,47.55,5,0.84,2,17.418309,78.460867,37.47,47.29
212,D8,Saturday,4,2,9,1,16,176.38,223.6,7,10226.47,10142.97,47.33,7,45.74,1,17.376619,78.44411,25.2,31.94
213,D9,Saturday,4,2,10,1,16,187.36,236.44,5,197.88,128.43,47.55,5,0.84,2,17.418309,78.460867,37.47,47.29
214,D10,Saturday,4,2,9,1,16,141.6,170.79,4,148.1,109.9,49.75,4,0.87,0,17.418758,78.344956,35.4,42.7
215,D11,Saturday,4,2,9,1,16,141.6,170.79,4,148.1,109.9,49.75,4,0.87,0,17.418758,78.344956,35.4,42.7
216,D12,Saturday,4,2,10,1,16,103.62,142.28,3,142.28,103.62,43.7,3,1.0,1,17.375222,78.35293,34.54,47.43
217,D1,Sunday,4,2,8,1,16,118.37,164.81,4,164.81,118.38,43.09,4,1.0,2,17.430934,78.469933,29.59,41.2
218,D2,Sunday,4,2,9,1,16,118.37,164.81,4,164.81,118.38,43.09,4,1.0,2,17.430934,78.469933,29.59,41.2
219,D3,Sunday,4,2,10,1,16,265.29,344.56999999999994,7,281.31,198.32,46.19,7,0.82,0,17.409262,78.413547,37.9,49.22
220,D4,Sunday,4,2,8,1,16,75.32,95.72,3,96.08,74.01,47.21,3,1.0,0,17.462395,78.339227,25.11,31.91
221,D5,Sunday,4,2,9,1,16,176.38,223.6,6,10197.32,10154.74,47.33,6,45.61,1,17.382371,78.428947,29.4,37.27
222,D6,Sunday,4,2,8,1,16,265.29,344.56999999999994,7,281.31,198.32,46.19,7,0.82,0,17.409262,78.413547,37.9,49.22
223,D7,Sunday,4,2,8,1,16,75.32,95.72,3,96.08,74.01,47.21,3,1.0,0,17.462395,78.339227,25.11,31.91
224,D8,Sunday,4,2,10,1,16,265.29,344.56999999999994,7,281.31,198.32,46.19,7,0.82,0,17.409262,78.413547,37.9,49.22
225,D9,Sunday,4,2,10,1,16,166.11,286.70000000000005,5,291.49,141.55,34.76,5,1.02,0,17.478636,78.371798,33.22,57.34
226,D10,Sunday,4,2,10,1,16,75.32,95.72,3,96.08,74.01,47.21,3,1.0,0,17.462395,78.339227,25.11,31.91
227,D11,Sunday,4,2,8,1,16,265.29,344.56999999999994,7,281.31,198.32,46.19,7,0.82,0,17.409262,78.413547,37.9,49.22
228,D12,Sunday,4,2,8,1,16,118.37,164.81,4,164.81,118.38,43.09,4,1.0,2,17.430934,78.469933,29.59,41.2
229,D1,Monday,4,2,10,0,17,82.87,127.66,3,127.66,82.87,38.95,3,1.0,0,17.436415,78.397725,27.62,42.55
230,D2,Monday,4,2,10,0,17,137.03,219.48000000000002,4,182.02,89.61,37.46,4,0.83,0,17.494397,78.32137,34.26,54.87
231,D3,Monday,4,2,9,0,17,82.87,127.66,3,127.66,82.87,38.95,3,1.0,0,17.436415,78.397725,27.62,42.55
232,D4,Monday,4,2,10,0,17,176.38,223.6,5,198.32,155.74,47.33,5,0.89,1,17.342565,78.382493,35.28,44.72
233,D5,Monday,4,2,8,0,17,216.46,256.91999999999996,6,238.38,177.07,50.55,6,0.93,0,17.434615,78.437503,36.08,42.82
234,D6,Monday,4,2,8,0,17,82.87,127.66,3,127.66,82.87,38.95,3,1.0,0,17.436415,78.397725,27.62,42.55
235,D7,Monday,4,2,10,0,17,216.46,256.91999999999996,6,238.38,177.07,50.55,6,0.93,0,17.434615,78.437503,36.08,42.82
236,D8,Monday,4,2,9,0,17,82.87,127.66,3,127.66,82.87,38.95,3,1.0,0,17.436415,78.397725,27.62,42.55
237,D9,Monday,4,2,10,0,17,137.03,219.48000000000002,4,182.02,89.61,37.46,4,0.83,0,17.494397,78.32137,34.26,54.87
238,D10,Monday,4,2,10,0,17,205.16,305.48,7,10224.23,10142.61,40.3,7,33.47,2,17.410945,78.516292,29.31,43.64
239,D11,Monday,4,2,8,0,17,205.16,305.48,7,10224.23,10142.61,40.3,7,33.47,2,17.410945,78.516292,29.31,43.64
240,D12,Monday,4,2,10,0,17,137.03,219.48000000000002,4,182.02,89.61,37.46,4,0.83,0,17.494397,78.32137,34.26,54.87
241,D1,Tuesday,4,2,9,0,17,120.08,168.95,4,124.95,80.68,42.64,4,0.74,1,17.338644,78.313798,30.02,42.24
242,D2,Tuesday,4,2,8,0,17,225.1,400.96999999999997,7,255.45,166.66,33.68,7,0.64,0,17.492489,78.46906,32.16,57.28
243,D3,Tuesday,4,2,8,0,17,120.08,168.95,4,124.95,80.68,42.64,4,0.74,1,17.338644,78.313798,30.02,42.24
244,D4,Tuesday,4,2,9,0,17,120.08,168.95,4,124.95,80.68,42.64,4,0.74,1,17.338644,78.313798,30.02,42.24
245,D5,Tuesday,4,2,8,0,17,175.72,199.17,5,194.1,158.58,52.94,5,0.97,2,17.414204,78.434237,35.14,39.83
246,D6,Tuesday,4,2,10,0,17,115.22,166.03,3,133.39,75.03,41.64,3,0.8,0,17.499445,78.305119,38.41,55.34
247,D7,Tuesday,4,2,10,0,17,115.22,166.03,3,133.39,75.03,41.64,3,0.8,0,17.499445,78.305119,38.41,55.34
248,D8,Tuesday,4,2,10,0,17,115.22,166.03,3,133.39,75.03,41.64,3,0.8,0,17.499445,78.305119,38.41,55.34
249,D9,Tuesday,4,2,10,0,17,118.83,219.05,6,10205.78,10135.15,32.55,6,46.59,2,17.400989,78.494659,19.8,36.51
250,D10,Tuesday,4,2,8,0,17,225.1,400.96999999999997,7,255.45,166.66,33.68,7,0.64,0,17.492489,78.46906,32.16,57.28
251,D11,Tuesday,4,2,9,0,17,118.83,219.05,6,10205.78,10135.15,32.55,6,46.59,2,17.400989,78.494659,19.8,36.51
252,D12,Tuesday,4,2,9,0,17,120.08,168.95,4,124.95,80.68,42.64,4,0.74,1,17.338644,78.313798,30.02,42.24
253,D1,Wednesday,4,2,9,0,17,148.75,162.64,4,165.25,146.8,54.88,4,1.02,2,17.386812,78.491984,37.19,40.66
254,D2,Wednesday,4,2,8,0,17,148.75,162.64,4,165.25,146.8,54.88,4,1.02,2,17.386812,78.491984,37.19,40.66
255,D3,Wednesday,4,2,10,0,17,375.28,510.05,7,252.5,122.57,44.15,7,0.5,1,17.398163,78.424127,53.61,72.86
256,D4,Wednesday,4,2,9,0,17,78.73,126.65,5,10148.9,10086.22,37.3,5,80.13,2,17.394122,78.530579,15.75,25.33
257,D5,Wednesday,4,2,9,0,17,148.75,162.64,4,165.25,146.8,54.88,4,1.02,2,17.386812,78.491984,37.19,40.66
258,D6,Wednesday,4,2,10,0,17,114.1,154.57999999999998,3,117.71,78.47,44.29,3,0.76,1,17.374351,78.302868,38.03,51.53
259,D7,Wednesday,4,2,10,0,17,148.75,162.64,4,165.25,146.8,54.88,4,1.02,2,17.386812,78.491984,37.19,40.66
260,D8,Wednesday,4,2,8,0,17,114.1,154.57999999999998,3,117.71,78.47,44.29,3,0.76,1,17.374351,78.302868,38.03,51.53
261,D9,Wednesday,4,2,8,0,17,169.66,343.52,6,246.33,163.21,29.63,6,0.72,0,17.47931,78.450964,28.28,57.25
262,D10,Wednesday,4,2,9,0,17,169.66,343.52,6,246.33,163.21,29.63,6,0.72,0,17.47931,78.450964,28.28,57.25
263,D11,Wednesday,4,2,10,0,17,375.28,510.05,7,252.5,122.57,44.15,7,0.5,1,17.398163,78.424127,53.61,72.86
264,D12,Wednesday,4,2,10,0,17,78.73,126.65,5,10148.9,10086.22,37.3,5,80.13,2,17.394122,78.530579,15.75,25.33
265,D1,Thursday,4,2,8,0,17,78.73,126.65,4,10125.65,10077.73,37.3,4,79.95,2,17.38228,78.512333,19.68,31.66
266,D2,Thursday,4,2,8,0,17,78.73,126.65,4,10125.65,10077.73,37.3,4,79.95,2,17.38228,78.512333,19.68,31.66
267,D3,Thursday,4,2,9,0,17,204.67,278.26,7,10242.59,10186.02,44.13,7,36.81,1,17.45027,78.398474,29.24,39.75
268,D4,Thursday,4,2,8,0,17,204.67,278.26,7,10242.59,10186.02,44.13,7,36.81,1,17.45027,78.398474,29.24,39.75
269,D5,Thursday,4,2,8,0,17,78.73,126.65,4,10125.65,10077.73,37.3,4,79.95,2,17.38228,78.512333,19.68,31.66
270,D6,Thursday,4,2,9,0,17,150.12,298.77,5,177.73,91.88,30.15,5,0.59,0,17.486441,78.484043,30.02,59.75
271,D7,Thursday,4,2,8,0,17,78.73,126.65,4,10125.65,10077.73,37.3,4,79.95,2,17.38228,78.512333,19.68,31.66
272,D8,Thursday,4,2,10,0,17,204.67,278.26,7,10242.59,10186.02,44.13,7,36.81,1,17.45027,78.398474,29.24,39.75
273,D9,Thursday,4,2,9,0,17,204.67,278.26,7,10242.59,10186.02,44.13,7,36.81,1,17.45027,78.398474,29.24,39.75
274,D10,Thursday,4,2,8,0,17,204.67,278.26,7,10242.59,10186.02,44.13,7,36.81,1,17.45027,78.398474,29.24,39.75
275,D11,Thursday,4,2,9,0,17,84.83,99.07,3,99.07,84.82,51.38,3,1.0,2,17.329373,78.522745,28.28,33.02
276,D12,Thursday,4,2,8,0,17,150.12,298.77,5,177.73,91.88,30.15,5,0.59,0,17.486441,78.484043,30.02,59.75
277,D1,Friday,4,2,8,0,17,243.16,320.97,5,207.85,125.13,45.45,5,0.65,3,17.409974,78.408978,48.63,64.19
278,D2,Friday,4,2,10,0,17,121.21,227.97,4,172.29,90.11,31.9,4,0.76,0,17.486757,78.50518,30.3,56.99
279,D3,Friday,4,2,9,0,17,141.83,200.79,6,10198.74,10159.51,42.38,6,50.79,3,17.476018,78.41148,23.64,33.46
280,D4,Friday,4,2,9,0,17,121.21,227.97,4,172.29,90.11,31.9,4,0.76,0,17.486757,78.50518,30.3,56.99
281,D5,Friday,4,2,10,0,17,243.16,320.97,5,207.85,125.13,45.45,5,0.65,3,17.409974,78.408978,48.63,64.19
282,D6,Friday,4,2,10,0,17,78.73,126.65,3,126.65,78.73,37.3,3,1.0,2,17.315907,78.462705,26.24,42.22
283,D7,Friday,4,2,9,0,17,141.83,200.79,6,10198.74,10159.51,42.38,6,50.79,3,17.476018,78.41148,23.64,33.46
284,D8,Friday,4,2,10,0,17,121.21,227.97,4,172.29,90.11,31.9,4,0.76,0,17.486757,78.50518,30.3,56.99
285,D9,Friday,4,2,9,0,17,121.21,227.97,4,172.29,90.11,31.9,4,0.76,0,17.486757,78.50518,30.3,56.99
286,D10,Friday,4,2,9,0,17,243.16,320.97,5,207.85,125.13,45.45,5,0.65,3,17.409974,78.408978,48.63,64.19
287,D11,Friday,4,2,10,0,17,339.61,420.59,7,256.05,156.65,48.45,7,0.61,1,17.386422,78.358335,48.52,60.08
288,D12,Friday,4,2,8,0,17,243.16,320.97,5,207.85,125.13,45.45,5,0.65,3,17.409974,78.408978,48.63,64.19
289,D1,Saturday,4,2,10,1,17,284.18,364.69,6,236.92,158.57,46.75,6,0.65,1,17.376884,78.370463,47.36,60.78
290,D2,Saturday,4,2,8,1,17,284.18,364.69,6,236.92,158.57,46.75,6,0.65,1,17.376884,78.370463,47.36,60.78
291,D3,Saturday,4,2,8,1,17,68.27,153.04,3,102.61,58.86,26.77,3,0.67,0,17.501845,78.472385,22.76,51.01
292,D4,Saturday,4,2,10,1,17,284.18,364.69,6,236.92,158.57,46.75,6,0.65,1,17.376884,78.370463,47.36,60.78
293,D5,Saturday,4,2,8,1,17,58.78,107.21,5,10102.37,10069.12,32.9,5,94.23,3,17.513997,78.377426,11.76,21.44
294,D6,Saturday,4,2,10,1,17,243.87,380.1,7,266.29,163.96,38.5,7,0.7,0,17.423575,78.444449,34.84,54.3
295,D7,Saturday,4,2,10,1,17,170.19,244.4,4,189.26,119.79,41.78,4,0.77,1,17.403637,78.432458,42.55,61.1
296,D8,Saturday,4,2,9,1,17,68.27,153.04,3,102.61,58.86,26.77,3,0.67,0,17.501845,78.472385,22.76,51.01
297,D9,Saturday,4,2,9,1,17,243.87,380.1,7,266.29,163.96,38.5,7,0.7,0,17.423575,78.444449,34.84,54.3
298,D10,Saturday,4,2,9,1,17,58.78,107.21,5,10102.37,10069.12,32.9,5,94.23,3,17.513997,78.377426,11.76,21.44
299,D11,Saturday,4,2,9,1,17,284.18,364.69,6,236.92,158.57,46.75,6,0.65,1,17.376884,78.370463,47.36,60.78
300,D12,Saturday,4,2,9,1,17,58.78,107.21,5,10102.37,10069.12,32.9,5,94.23,3,17.513997,78.377426,11.76,21.44
301,D1,Sunday,4,2,8,1,17,218.57,323.23,6,252.12,168.21,40.57,6,0.78,1,17.414294,78.456836,36.43,53.87
302,D2,Sunday,4,2,8,1,17,81.99,143.78,3,129.46,73.84,34.21,3,0.9,1,17.347636,78.363491,27.33,47.93
303,D3,Sunday,4,2,8,1,17,55.51,99.97999999999999,4,10099.2,10065.44,33.31,4,101.01,0,17.506418,78.420348,13.88,24.99
304,D4,Sunday,4,2,10,1,17,195.62,275.39,5,178.69,107.92,42.62,5,0.65,1,17.33451,78.328359,39.12,55.08
305,D5,Sunday,4,2,8,1,17,195.62,275.39,5,178.69,107.92,42.62,5,0.65,1,17.33451,78.328359,39.12,55.08
306,D6,Sunday,4,2,8,1,17,55.51,99.97999999999999,4,10099.2,10065.44,33.31,4,101.01,0,17.506418,78.420348,13.88,24.99
307,D7,Sunday,4,2,10,1,17,218.57,323.23,6,252.12,168.21,40.57,6,0.78,1,17.414294,78.456836,36.43,53.87
308,D8,Sunday,4,2,10,1,17,55.51,99.97999999999999,4,10099.2,10065.44,33.31,4,101.01,0,17.506418,78.420348,13.88,24.99
309,D9,Sunday,4,2,8,1,17,195.62,275.39,5,178.69,107.92,42.62,5,0.65,1,17.33451,78.328359,39.12,55.08
310,D10,Sunday,4,2,8,1,17,81.99,143.78,3,129.46,73.84,34.21,3,0.9,1,17.347636,78.363491,27.33,47.93
311,D11,Sunday,4,2,10,1,17,195.62,275.39,5,178.69,107.92,42.62,5,0.65,1,17.33451,78.328359,39.12,55.08
312,D12,Sunday,4,2,10,1,17,81.99,143.78,3,129.46,73.84,34.21,3,0.9,1,17.347636,78.363491,27.33,47.93
313,D1,Monday,4,2,10,0,18,159.6,223.36999999999998,4,171.87,110.03,42.87,4,0.77,1,17.343346,78.352446,39.9,55.84
314,D2,Monday,4,2,9,0,18,26.9,59.18,3,10058.18,10025.9,27.27,3,169.96,0,17.500633,78.492714,8.97,19.73
315,D3,Monday,4,2,8,0,18,154.76,239.16000000000003,5,174.04,117.71,38.83,5,0.73,1,17.377367,78.49437,30.95,47.83
316,D4,Monday,4,2,8,0,18,154.76,239.16000000000003,5,174.04,117.71,38.83,5,0.73,1,17.377367,78.49437,30.95,47.83
317,D5,Monday,4,2,9,0,18,26.9,59.18,3,10058.18,10025.9,27.27,3,169.96,0,17.500633,78.492714,8.97,19.73
318,D6,Monday,4,2,10,0,18,159.6,223.36999999999998,4,171.87,110.03,42.87,4,0.77,1,17.343346,78.352446,39.9,55.84
319,D7,Monday,4,2,9,0,18,154.76,239.16000000000003,5,174.04,117.71,38.83,5,0.73,1,17.377367,78.49437,30.95,47.83
320,D8,Monday,4,2,10,0,18,159.6,223.36999999999998,4,171.87,110.03,42.87,4,0.77,1,17.343346,78.352446,39.9,55.84
321,D9,Monday,4,2,9,0,18,281.27,295.95,6,183.12,144.31,57.02,6,0.62,1,17.422763,78.501963,46.88,49.32
322,D10,Monday,4,2,9,0,18,281.27,295.95,6,183.12,144.31,57.02,6,0.62,1,17.422763,78.501963,46.88,49.32
323,D11,Monday,4,2,10,0,18,152.86,255.33000000000004,7,242.49,144.16,35.92,7,0.95,1,17.365484,78.446983,21.84,36.48
324,D12,Monday,4,2,9,0,18,281.27,295.95,6,183.12,144.31,57.02,6,0.62,1,17.422763,78.501963,46.88,49.32
325,D1,Tuesday,4,2,10,0,18,144.43,232.03000000000003,6,223.18,144.93,37.35,6,0.96,2,17.382876,78.474815,24.07,38.67
326,D2,Tuesday,4,2,8,0,18,327.74,433.91999999999996,7,252.89,167.87,45.32,7,0.58,1,17.399579,78.410448,46.82,61.99
327,D3,Tuesday,4,2,10,0,18,327.74,433.91999999999996,7,252.89,167.87,45.32,7,0.58,1,17.399579,78.410448,46.82,61.99
328,D4,Tuesday,4,2,8,0,18,104.18,154.39999999999998,3,154.4,104.18,40.48,3,1.0,1,17.361847,78.349214,34.73,51.47
329,D5,Tuesday,4,2,10,0,18,104.18,154.39999999999998,3,154.4,104.18,40.48,3,1.0,1,17.361847,78.349214,34.73,51.47
330,D6,Tuesday,4,2,9,0,18,144.43,232.03000000000003,6,223.18,144.93,37.35,6,0.96,2,17.382876,78.474815,24.07,38.67
331,D7,Tuesday,4,2,8,0,18,327.74,433.91999999999996,7,252.89,167.87,45.32,7,0.58,1,17.399579,78.410448,46.82,61.99
332,D8,Tuesday,4,2,10,0,18,144.43,232.03000000000003,6,223.18,144.93,37.35,6,0.96,2,17.382876,78.474815,24.07,38.67
333,D9,Tuesday,4,2,8,0,18,87.58,171.74,4,145.94,76.89,30.6,4,0.85,1,17.354039,78.45644,21.9,42.94
334,D10,Tuesday,4,2,9,0,18,327.74,433.91999999999996,7,252.89,167.87,45.32,7,0.58,1,17.399579,78.410448,46.82,61.99
335,D11,Tuesday,4,2,10,0,18,104.18,154.39999999999998,3,154.4,104.18,40.48,3,1.0,1,17.361847,78.349214,34.73,51.47
336,D12,Tuesday,4,2,10,0,18,104.18,154.39999999999998,3,154.4,104.18,40.48,3,1.0,1,17.361847,78.349214,34.73,51.47
337,D1,Wednesday,4,2,10,0,18,44.29,97.42,3,97.42,44.29,27.28,3,1.0,0,17.394879,78.493058,14.76,32.47
338,D2,Wednesday,4,2,10,0,18,315.59,431.96000000000004,7,311.37,191.65,43.84,7,0.72,3,17.447144,78.37508,45.08,61.71
339,D3,Wednesday,4,2,9,0,18,246.18,349.44999999999993,6,241.39,162.07,42.27,6,0.69,1,17.36805,78.382026,41.03,58.24
340,D4,Wednesday,4,2,10,0,18,44.29,97.42,3,97.42,44.29,27.28,3,1.0,0,17.394879,78.493058,14.76,32.47
341,D5,Wednesday,4,2,10,0,18,44.29,97.42,3,97.42,44.29,27.28,3,1.0,0,17.394879,78.493058,14.76,32.47
342,D6,Wednesday,4,2,10,0,18,44.29,97.42,3,97.42,44.29,27.28,3,1.0,0,17.394879,78.493058,14.76,32.47
343,D7,Wednesday,4,2,8,0,18,246.18,349.44999999999993,6,241.39,162.07,42.27,6,0.69,1,17.36805,78.382026,41.03,58.24
344,D8,Wednesday,4,2,8,0,18,123.95,189.45000000000002,5,156.14,72.88,39.26,5,0.82,2,17.400295,78.505691,24.79,37.89
345,D9,Wednesday,4,2,9,0,18,315.59,431.96000000000004,7,311.37,191.65,43.84,7,0.72,3,17.447144,78.37508,45.08,61.71
346,D10,Wednesday,4,2,8,0,18,123.95,189.45000000000002,5,156.14,72.88,39.26,5,0.82,2,17.400295,78.505691,24.79,37.89
347,D11,Wednesday,4,2,9,0,18,315.59,431.96000000000004,7,311.37,191.65,43.84,7,0.72,3,17.447144,78.37508,45.08,61.71
348,D12,Wednesday,4,2,8,0,18,44.29,97.42,3,97.42,44.29,27.28,3,1.0,0,17.394879,78.493058,14.76,32.47
349,D1,Thursday,4,2,8,0,18,229.35,387.47999999999996,7,331.94,178.36,35.51,7,0.86,3,17.426289,78.332809,32.76,55.35
350,D2,Thursday,4,2,9,0,18,234.51,343.93,6,277.62,177.64,40.91,6,0.81,1,17.437279,78.39356,39.08,57.32
351,D3,Thursday,4,2,9,0,18,229.35,387.47999999999996,7,331.94,178.36,35.51,7,0.86,3,17.426289,78.332809,32.76,55.35
352,D4,Thursday,4,2,9,0,18,99.73,134.20000000000002,4,134.2,99.72,44.59,4,1.0,2,17.408416,78.525962,24.93,33.55
353,D5,Thursday,4,2,9,0,18,99.73,134.20000000000002,4,134.2,99.72,44.59,4,1.0,2,17.408416,78.525962,24.93,33.55
354,D6,Thursday,4,2,10,0,18,82.83,96.65,3,96.65,82.83,51.42,3,1.0,1,17.404824,78.548307,27.61,32.22
355,D7,Thursday,4,2,8,0,18,99.73,134.20000000000002,4,134.2,99.72,44.59,4,1.0,2,17.408416,78.525962,24.93,33.55
356,D8,Thursday,4,2,10,0,18,229.35,387.47999999999996,7,331.94,178.36,35.51,7,0.86,3,17.426289,78.332809,32.76,55.35
357,D9,Thursday,4,2,9,0,18,234.51,343.93,6,277.62,177.64,40.91,6,0.81,1,17.437279,78.39356,39.08,57.32
358,D10,Thursday,4,2,8,0,18,234.51,343.93,6,277.62,177.64,40.91,6,0.81,1,17.437279,78.39356,39.08,57.32
359,D11,Thursday,4,2,8,0,18,82.83,96.65,3,96.65,82.83,51.42,3,1.0,1,17.404824,78.548307,27.61,32.22
360,D12,Thursday,4,2,9,0,18,230.04,316.47999999999996,5,211.83,148.59,43.61,5,0.67,1,17.382504,78.394343,46.01,63.3
361,D1,Friday,5,2,9,0,18,232.15,343.62,7,263.61,145.64,40.54,7,0.77,1,17.342554,78.355178,33.16,49.09
362,D2,Friday,5,2,10,0,18,232.15,343.62,7,263.61,145.64,40.54,7,0.77,1,17.342554,78.355178,33.16,49.09
363,D3,Friday,5,2,9,0,18,197.74,274.35,5,189.32,100.82,43.25,5,0.69,1,17.453084,78.340817,39.55,54.87
364,D4,Friday,5,2,8,0,18,193.3,326.65999999999997,6,317.62,175.32,35.5,6,0.97,1,17.417033,78.351125,32.22,54.44
365,D5,Friday,5,2,10,0,18,232.15,343.62,7,263.61,145.64,40.54,7,0.77,1,17.342554,78.355178,33.16,49.09
366,D6,Friday,5,2,8,0,18,94.47,117.52000000000001,3,117.52,94.47,48.23,3,1.0,2,17.403056,78.515279,31.49,39.17
367,D7,Friday,5,2,10,0,18,193.3,326.65999999999997,6,317.62,175.32,35.5,6,0.97,1,17.417033,78.351125,32.22,54.44
368,D8,Friday,5,2,10,0,18,193.3,326.65999999999997,6,317.62,175.32,35.5,6,0.97,1,17.417033,78.351125,32.22,54.44
369,D9,Friday,5,2,9,0,18,232.15,343.62,7,263.61,145.64,40.54,7,0.77,1,17.342554,78.355178,33.16,49.09
370,D10,Friday,5,2,10,0,18,215.59,287.83,4,201.35,147.74,44.94,4,0.7,1,17.40364,78.425487,53.9,71.96
371,D11,Friday,5,2,9,0,18,94.47,117.52000000000001,3,117.52,94.47,48.23,3,1.0,2,17.403056,78.515279,31.49,39.17
372,D12,Friday,5,2,9,0,18,215.59,287.83,4,201.35,147.74,44.94,4,0.7,1,17.40364,78.425487,53.9,71.96
373,D1,Saturday,5,2,9,1,18,122.47,183.0,3,129.83,101.42,40.15,3,0.71,2,17.459399,78.492797,40.82,61.0
374,D2,Saturday,5,2,8,1,18,143.94,200.85,4,178.42,117.38,43.0,4,0.89,3,17.472879,78.319306,35.98,50.21
375,D3,Saturday,5,2,8,1,18,180.3,300.98,7,300.98,180.3,35.94,7,1.0,0,17.453742,78.402236,25.76,43.0
376,D4,Saturday,5,2,8,1,18,143.94,200.85,4,178.42,117.38,43.0,4,0.89,3,17.472879,78.319306,35.98,50.21
377,D5,Saturday,5,2,9,1,18,188.06,259.17,6,195.35,125.95,43.54,6,0.75,1,17.328897,78.321373,31.34,43.2
378,D6,Saturday,5,2,9,1,18,143.94,200.85,4,178.42,117.38,43.0,4,0.89,3,17.472879,78.319306,35.98,50.21
379,D7,Saturday,5,2,8,1,18,188.06,259.17,6,195.35,125.95,43.54,6,0.75,1,17.328897,78.321373,31.34,43.2
380,D8,Saturday,5,2,9,1,18,180.3,300.98,7,300.98,180.3,35.94,7,1.0,0,17.453742,78.402236,25.76,43.0
381,D9,Saturday,5,2,9,1,18,166.42,259.63,5,267.53,171.77,38.46,5,1.03,1,17.393106,78.330584,33.28,51.93
382,D10,Saturday,5,2,10,1,18,180.3,300.98,7,300.98,180.3,35.94,7,1.0,0,17.453742,78.402236,25.76,43.0
383,D11,Saturday,5,2,9,1,18,143.94,200.85,4,178.42,117.38,43.0,4,0.89,3,17.472879,78.319306,35.98,50.21
384,D12,Saturday,5,2,9,1,18,166.42,259.63,5,267.53,171.77,38.46,5,1.03,1,17.393106,78.330584,33.28,51.93
385,D1,Sunday,5,2,8,1,18,94.0,128.47,3,128.47,94.0,43.9,3,1.0,0,17.437592,78.331554,31.33,42.82
386,D2,Sunday,5,2,8,1,18,176.13,237.54,5,177.45,121.89,44.49,5,0.75,1,17.305946,78.328534,35.23,47.51
387,D3,Sunday,5,2,9,1,18,119.72,169.28,4,166.36,120.41,42.43,4,0.98,1,17.387484,78.269853,29.93,42.32
388,D4,Sunday,5,2,10,1,18,176.13,237.54,5,177.45,121.89,44.49,5,0.75,1,17.305946,78.328534,35.23,47.51
389,D5,Sunday,5,2,9,1,18,119.72,169.28,4,166.36,120.41,42.43,4,0.98,1,17.387484,78.269853,29.93,42.32
390,D6,Sunday,5,2,9,1,18,119.72,169.28,4,166.36,120.41,42.43,4,0.98,1,17.387484,78.269853,29.93,42.32
391,D7,Sunday,5,2,9,1,18,217.52,274.31,7,10236.24,10159.9,47.58,7,37.32,3,17.494,78.444581,31.07,39.19
392,D8,Sunday,5,2,8,1,18,94.0,128.47,3,128.47,94.0,43.9,3,1.0,0,17.437592,78.331554,31.33,42.82
393,D9,Sunday,5,2,9,1,18,119.72,169.28,4,166.36,120.41,42.43,4,0.98,1,17.387484,78.269853,29.93,42.32
394,D10,Sunday,5,2,8,1,18,119.72,169.28,4,166.36,120.41,42.43,4,0.98,1,17.387484,78.269853,29.93,42.32
395,D11,Sunday,5,2,8,1,18,119.72,169.28,4,166.36,120.41,42.43,4,0.98,1,17.387484,78.269853,29.93,42.32
396,D12,Sunday,5,2,9,1,18,94.0,128.47,3,128.47,94.0,43.9,3,1.0,0,17.437592,78.331554,31.33,42.82
397,D1,Monday,5,2,8,0,19,177.84,269.94,7,260.72,151.2,39.53,7,0.97,0,17.411459,78.433429,25.41,38.56
398,D2,Monday,5,2,9,0,19,95.63,157.18,5,157.18,95.63,36.5,5,1.0,0,17.458346,78.332851,19.13,31.44
399,D3,Monday,5,2,8,0,19,95.82,126.53,3,126.53,95.81,45.44,3,1.0,1,17.368762,78.264614,31.94,42.18
400,D4,Monday,5,2,8,0,19,129.12,177.16,4,122.08,77.16,43.73,4,0.69,1,17.268489,78.357541,32.28,44.29
401,D5,Monday,5,2,9,0,19,202.1,242.38,6,10202.89,10147.86,50.03,6,42.09,4,17.491944,78.474645,33.68,40.4
402,D6,Monday,5,2,8,0,19,202.1,242.38,6,10202.89,10147.86,50.03,6,42.09,4,17.491944,78.474645,33.68,40.4
403,D7,Monday,5,2,8,0,19,129.12,177.16,4,122.08,77.16,43.73,4,0.69,1,17.268489,78.357541,32.28,44.29
404,D8,Monday,5,2,8,0,19,202.1,242.38,6,10202.89,10147.86,50.03,6,42.09,4,17.491944,78.474645,33.68,40.4
405,D9,Monday,5,2,8,0,19,95.82,126.53,3,126.53,95.81,45.44,3,1.0,1,17.368762,78.264614,31.94,42.18
406,D10,Monday,5,2,10,0,19,177.84,269.94,7,260.72,151.2,39.53,7,0.97,0,17.411459,78.433429,25.41,38.56
407,D11,Monday,5,2,8,0,19,95.82,126.53,3,126.53,95.81,45.44,3,1.0,1,17.368762,78.264614,31.94,42.18
408,D12,Monday,5,2,10,0,19,95.63,157.18,5,157.18,95.63,36.5,5,1.0,0,17.458346,78.332851,19.13,31.44
409,D1,Tuesday,5,2,9,0,19,330.75,398.9,7,315.08,218.96,49.75,7,0.79,1,17.41573,78.417315,47.25,56.99
410,D2,Tuesday,5,2,9,0,19,330.75,398.9,7,315.08,218.96,49.75,7,0.79,1,17.41573,78.417315,47.25,56.99
411,D3,Tuesday,5,2,8,0,19,57.92,107.60000000000001,4,107.6,57.92,32.3,4,1.0,0,17.45899,78.362937,14.48,26.9
412,D4,Tuesday,5,2,8,0,19,169.82,249.01,6,238.49,144.9,40.92,6,0.96,0,17.401255,78.427586,28.3,41.5
413,D5,Tuesday,5,2,10,0,19,107.88,134.23,3,105.19,82.19,48.22,3,0.78,1,17.272269,78.386783,35.96,44.74
414,D6,Tuesday,5,2,10,0,19,330.75,398.9,7,315.08,218.96,49.75,7,0.79,1,17.41573,78.417315,47.25,56.99
415,D7,Tuesday,5,2,9,0,19,202.1,242.38,5,10176.46,10127.93,50.03,5,41.99,4,17.485578,78.528924,40.42,48.48
416,D8,Tuesday,5,2,10,0,19,107.88,134.23,3,105.19,82.19,48.22,3,0.78,1,17.272269,78.386783,35.96,44.74
417,D9,Tuesday,5,2,9,0,19,330.75,398.9,7,315.08,218.96,49.75,7,0.79,1,17.41573,78.417315,47.25,56.99
418,D10,Tuesday,5,2,9,0,19,107.88,134.23,3,105.19,82.19,48.22,3,0.78,1,17.272269,78.386783,35.96,44.74
419,D11,Tuesday,5,2,8,0,19,330.75,398.9,7,315.08,218.96,49.75,7,0.79,1,17.41573,78.417315,47.25,56.99
420,D12,Tuesday,5,2,9,0,19,169.82,249.01,6,238.49,144.9,40.92,6,0.96,0,17.401255,78.427586,28.3,41.5
421,D1,Wednesday,5,2,9,0,19,174.53,255.8,7,20205.6,20150.8,40.94,7,78.99,0,17.424274,78.439446,24.93,36.54
422,D2,Wednesday,5,2,9,0,19,202.1,242.38,4,177.46,128.93,50.03,4,0.73,4,17.461623,78.495851,50.52,60.6
423,D3,Wednesday,5,2,9,0,19,202.1,242.38,4,177.46,128.93,50.03,4,0.73,4,17.461623,78.495851,50.52,60.6
424,D4,Wednesday,5,2,8,0,19,264.78,326.13,6,268.8,192.25,48.71,6,0.82,1,17.404713,78.449716,44.13,54.36
425,D5,Wednesday,5,2,8,0,19,51.94,92.4,3,92.4,51.94,33.73,3,1.0,0,17.428995,78.346726,17.31,30.8
426,D6,Wednesday,5,2,10,0,19,174.53,255.8,7,20205.6,20150.8,40.94,7,78.99,0,17.424274,78.439446,24.93,36.54
427,D7,Wednesday,5,2,10,0,19,51.94,92.4,3,92.4,51.94,33.73,3,1.0,0,17.428995,78.346726,17.31,30.8
428,D8,Wednesday,5,2,8,0,19,51.94,92.4,3,92.4,51.94,33.73,3,1.0,0,17.428995,78.346726,17.31,30.8
429,D9,Wednesday,5,2,9,0,19,138.06,180.24,5,180.24,138.06,45.96,5,1.0,1,17.39359,78.424243,27.61,36.05
430,D10,Wednesday,5,2,9,0,19,264.78,326.13,6,268.8,192.25,48.71,6,0.82,1,17.404713,78.449716,44.13,54.36
431,D11,Wednesday,5,2,10,0,19,202.1,242.38,4,177.46,128.93,50.03,4,0.73,4,17.461623,78.495851,50.52,60.6
432,D12,Wednesday,5,2,10,0,19,264.78,326.13,6,268.8,192.25,48.71,6,0.82,1,17.404713,78.449716,44.13,54.36
433,D1,Thursday,5,2,8,0,19,247.82,296.38,5,243.43,183.97,50.17,5,0.82,1,17.380374,78.401861,49.56,59.28
434,D2,Thursday,5,2,10,0,19,125.85,162.38,3,99.73,71.0,46.5,3,0.61,4,17.519549,78.540421,41.95,54.13
435,D3,Thursday,5,2,8,0,19,247.82,296.38,5,243.43,183.97,50.17,5,0.82,1,17.380374,78.401861,49.56,59.28
436,D4,Thursday,5,2,10,0,19,247.82,296.38,5,243.43,183.97,50.17,5,0.82,1,17.380374,78.401861,49.56,59.28
437,D5,Thursday,5,2,9,0,19,125.85,162.38,3,99.73,71.0,46.5,3,0.61,4,17.519549,78.540421,41.95,54.13
438,D6,Thursday,5,2,9,0,19,95.83,223.2,7,10207.92,10130.59,25.76,7,45.73,0,17.470653,78.478205,13.69,31.89
439,D7,Thursday,5,2,9,0,19,89.18,125.44,4,125.44,89.18,42.66,4,1.0,1,17.402424,78.365985,22.3,31.36
440,D8,Thursday,5,2,10,0,19,247.82,296.38,5,243.43,183.97,50.17,5,0.82,1,17.380374,78.401861,49.56,59.28
441,D9,Thursday,5,2,10,0,19,247.82,296.38,5,243.43,183.97,50.17,5,0.82,1,17.380374,78.401861,49.56,59.28
442,D10,Thursday,5,2,8,0,19,95.83,223.2,7,10207.92,10130.59,25.76,7,45.73,0,17.470653,78.478205,13.69,31.89
443,D11,Thursday,5,2,9,0,19,247.82,296.38,5,243.43,183.97,50.17,5,0.82,1,17.380374,78.401861,49.56,59.28
444,D12,Thursday,5,2,8,0,19,89.18,125.44,4,125.44,89.18,42.66,4,1.0,1,17.402424,78.365985,22.3,31.36
445,D1,Friday,5,2,8,0,19,203.99,356.32,7,295.61,159.86,34.35,7,0.83,1,17.395843,78.377179,29.14,50.9
446,D2,Friday,5,2,9,0,19,81.11,185.82999999999998,6,10120.94,10052.21,26.19,6,54.46,0,17.456732,78.494436,13.52,30.97
447,D3,Friday,5,2,8,0,19,203.99,356.32,7,295.61,159.86,34.35,7,0.83,1,17.395843,78.377179,29.14,50.9
448,D4,Friday,5,2,9,0,19,77.94,101.42,3,101.42,77.95,46.11,3,1.0,0,17.440747,78.337088,25.98,33.81
449,D5,Friday,5,2,10,0,19,203.99,356.32,7,295.61,159.86,34.35,7,0.83,1,17.395843,78.377179,29.14,50.9
450,D6,Friday,5,2,10,0,19,81.11,185.82999999999998,6,10120.94,10052.21,26.19,6,54.46,0,17.456732,78.494436,13.52,30.97
451,D7,Friday,5,2,8,0,19,77.94,101.42,3,101.42,77.95,46.11,3,1.0,0,17.440747,78.337088,25.98,33.81
452,D8,Friday,5,2,8,0,19,77.94,101.42,3,101.42,77.95,46.11,3,1.0,0,17.440747,78.337088,25.98,33.81
453,D9,Friday,5,2,8,0,19,174.53,255.8,5,215.49,126.73,40.94,5,0.84,0,17.431222,78.44499,34.91,51.16
454,D10,Friday,5,2,10,0,19,203.99,356.32,7,295.61,159.86,34.35,7,0.83,1,17.395843,78.377179,29.14,50.9
455,D11,Friday,5,2,9,0,19,163.83,214.40999999999997,4,200.33,142.84,45.85,4,0.93,1,17.332576,78.357918,40.96,53.6
456,D12,Friday,5,2,8,0,19,163.83,214.40999999999997,4,200.33,142.84,45.85,4,0.93,1,17.332576,78.357918,40.96,53.6
457,D1,Saturday,5,2,9,1,19,158.41,287.25,6,254.66,133.3,33.09,6,0.89,1,17.413907,78.364596,26.4,47.88
458,D2,Saturday,5,2,10,1,19,96.6,180.65,4,162.62,85.26,32.08,4,0.9,0,17.481148,78.46959,24.15,45.16
459,D3,Saturday,5,2,9,1,19,158.41,287.25,6,254.66,133.3,33.09,6,0.89,1,17.413907,78.364596,26.4,47.88
460,D4,Saturday,5,2,8,1,19,47.13,121.53,5,10104.36,10043.23,23.27,5,83.14,0,17.457223,78.516841,9.43,24.31
461,D5,Saturday,5,2,10,1,19,272.84,349.15999999999997,7,249.25,186.4,46.89,7,0.71,2,17.41242,78.52607,38.98,49.88
462,D6,Saturday,5,2,9,1,19,158.41,287.25,6,254.66,133.3,33.09,6,0.89,1,17.413907,78.364596,26.4,47.88
463,D7,Saturday,5,2,8,1,19,47.13,121.53,5,10104.36,10043.23,23.27,5,83.14,0,17.457223,78.516841,9.43,24.31
464,D8,Saturday,5,2,9,1,19,272.84,349.15999999999997,7,249.25,186.4,46.89,7,0.71,2,17.41242,78.52607,38.98,49.88
465,D9,Saturday,5,2,9,1,19,148.32,186.57999999999998,3,164.08,119.91,47.7,3,0.88,1,17.367321,78.370889,49.44,62.19
466,D10,Saturday,5,2,10,1,19,96.6,180.65,4,162.62,85.26,32.08,4,0.9,0,17.481148,78.46959,24.15,45.16
467,D11,Saturday,5,2,10,1,19,96.6,180.65,4,162.62,85.26,32.08,4,0.9,0,17.481148,78.46959,24.15,45.16
468,D12,Saturday,5,2,9,1,19,272.84,349.15999999999997,7,249.25,186.4,46.89,7,0.71,2,17.41242,78.52607,38.98,49.88
469,D1,Sunday,5,2,9,1,19,29.44,70.95,4,10074.18,10030.5,24.9,4,141.99,0,17.486002,78.512279,7.36,17.74
470,D2,Sunday,5,2,8,1,19,67.03,126.27000000000001,3,106.82,59.39,31.85,3,0.85,0,17.450984,78.413,22.34,42.09
471,D3,Sunday,5,2,10,1,19,191.12,262.53999999999996,6,237.47,182.61,43.68,6,0.9,2,17.437634,78.516872,31.85,43.76
472,D4,Sunday,5,2,9,1,19,67.03,126.27000000000001,3,106.82,59.39,31.85,3,0.85,0,17.450984,78.413,22.34,42.09
473,D5,Sunday,5,2,10,1,19,67.03,126.27000000000001,3,106.82,59.39,31.85,3,0.85,0,17.450984,78.413,22.34,42.09
474,D6,Sunday,5,2,9,1,19,111.58,186.9,5,154.31,86.48,35.82,5,0.83,3,17.424596,78.390896,22.32,37.38
475,D7,Sunday,5,2,8,1,19,29.44,70.95,4,10074.18,10030.5,24.9,4,141.99,0,17.486002,78.512279,7.36,17.74
476,D8,Sunday,5,2,8,1,19,111.58,186.9,5,154.31,86.48,35.82,5,0.83,3,17.424596,78.390896,22.32,37.38
477,D9,Sunday,5,2,8,1,19,191.12,262.53999999999996,6,237.47,182.61,43.68,6,0.9,2,17.437634,78.516872,31.85,43.76
478,D10,Sunday,5,2,8,1,19,29.44,70.95,4,10074.18,10030.5,24.9,4,141.99,0,17.486002,78.512279,7.36,17.74
479,D11,Sunday,5,2,9,1,19,191.12,262.53999999999996,6,237.47,182.61,43.68,6,0.9,2,17.437634,78.516872,31.85,43.76
480,D12,Sunday,5,2,8,1,19,29.44,70.95,4,10074.18,10030.5,24.9,4,141.99,0,17.486002,78.512279,7.36,17.74
